0.000000000000000000e+00,1.000000000000000056e-01,2.000000000000000111e-01,3.000000000000000444e-01,4.000000000000000222e-01,5.000000000000000000e-01,6.000000000000000888e-01,7.000000000000000666e-01,8.000000000000000444e-01,9.000000000000000222e-01,1.000000000000000000e+00,1.100000000000000089e+00,1.200000000000000178e+00,1.300000000000000044e+00,1.400000000000000133e+00,1.500000000000000000e+00,1.600000000000000089e+00,1.700000000000000178e+00,1.800000000000000044e+00,1.900000000000000133e+00,2.000000000000000000e+00
0.000000000000000000e+00,5.543211665986714776e-01,8.969104882401432999e-01,8.969104882401432999e-01,5.543211665986715886e-01,1.154924591467812632e-16,-5.543211665986716996e-01,-8.969104882401432999e-01,-8.969104882401434109e-01,-5.543211665986716996e-01,-2.309849182935625265e-16,5.543211665986719217e-01,8.969104882401435219e-01,8.969104882401434109e-01,5.543211665986716996e-01,3.464773774403437651e-16,-5.543211665986711445e-01,-8.969104882401437440e-01,-8.969104882401435219e-01,-5.543211665986718106e-01,-4.619698365871250530e-16
0.000000000000000000e+00,4.477412869084814173e-01,7.244606203845412873e-01,7.244606203845412873e-01,4.477412869084815283e-01,9.328660964527743028e-17,-4.477412869084816394e-01,-7.244606203845412873e-01,-7.244606203845413983e-01,-4.477412869084816394e-01,-1.865732192905548606e-16,4.477412869084818059e-01,7.244606203845413983e-01,7.244606203845413983e-01,4.477412869084816394e-01,2.798598289358322662e-16,-4.477412869084811953e-01,-7.244606203845416204e-01,-7.244606203845413983e-01,-4.477412869084816949e-01,-3.731464385811097211e-16
0.000000000000000000e+00,2.778311640585799380e-01,4.495402665807305409e-01,4.495402665807305409e-01,2.778311640585799935e-01,5.788594464401809083e-17,-2.778311640585800490e-01,-4.495402665807305409e-01,-4.495402665807305964e-01,-2.778311640585800490e-01,-1.157718892880361817e-16,2.778311640585801601e-01,4.495402665807306519e-01,4.495402665807305964e-01,2.778311640585800490e-01,1.736578339320542725e-16,-2.778311640585798270e-01,-4.495402665807307629e-01,-4.495402665807306519e-01,-2.778311640585801046e-01,-2.315437785760723633e-16
0.000000000000000000e+00,2.078268866187781005e-01,3.362709663252536618e-01,3.362709663252536618e-01,2.078268866187781283e-01,4.330059838721572488e-17,-2.078268866187781838e-01,-3.362709663252536618e-01,-3.362709663252537173e-01,-2.078268866187781838e-01,-8.660119677443144976e-17,2.078268866187782671e-01,3.362709663252537173e-01,3.362709663252537173e-01,2.078268866187781838e-01,1.299017951616471623e-16,-2.078268866187779895e-01,-3.362709663252538284e-01,-3.362709663252537173e-01,-2.078268866187782116e-01,-1.732023935488628995e-16
0.000000000000000000e+00,3.701297784398994706e-01,5.988825617642253851e-01,5.988825617642253851e-01,3.701297784398995816e-01,7.711630168801810816e-17,-3.701297784398996371e-01,-5.988825617642253851e-01,-5.988825617642254961e-01,-3.701297784398996371e-01,-1.542326033760362163e-16,3.701297784398997481e-01,5.988825617642254961e-01,5.988825617642254961e-01,3.701297784398996371e-01,2.313489050640542752e-16,-3.701297784398993040e-01,-5.988825617642256072e-01,-5.988825617642254961e-01,-3.701297784398996926e-01,-3.084652067520724326e-16
0.000000000000000000e+00,1.295380364451430844e-01,2.095969458041641031e-01,2.095969458041641031e-01,1.295380364451431121e-01,2.698916672061067737e-17,-1.295380364451431399e-01,-2.095969458041641031e-01,-2.095969458041641309e-01,-1.295380364451431399e-01,-5.397833344122135475e-17,1.295380364451431676e-01,2.095969458041641587e-01,2.095969458041641309e-01,1.295380364451431399e-01,8.096750016183202288e-17,-1.295380364451430011e-01,-2.095969458041641864e-01,-2.095969458041641587e-01,-1.295380364451431676e-01,-1.079566668824427095e-16
0.000000000000000000e+00,8.843390727017269581e-02,1.430890677210958362e-01,1.430890677210958362e-01,8.843390727017270969e-02,1.842514779881245263e-17,-8.843390727017272357e-02,-1.430890677210958362e-01,-1.430890677210958639e-01,-8.843390727017272357e-02,-3.685029559762490525e-17,8.843390727017275132e-02,1.430890677210958639e-01,1.430890677210958639e-01,8.843390727017272357e-02,5.527544339643735171e-17,-8.843390727017264030e-02,-1.430890677210958917e-01,-1.430890677210958639e-01,-8.843390727017273745e-02,-7.370059119524981050e-17
0.000000000000000000e+00,1.490504508728125455e-01,2.411686955507071350e-01,2.411686955507071350e-01,1.490504508728125732e-01,3.105456573824234921e-17,-1.490504508728126287e-01,-2.411686955507071350e-01,-2.411686955507071628e-01,-1.490504508728126287e-01,-6.210913147648469842e-17,1.490504508728126842e-01,2.411686955507071906e-01,2.411686955507071628e-01,1.490504508728126287e-01,9.316369721472704763e-17,-1.490504508728124622e-01,-2.411686955507072461e-01,-2.411686955507071906e-01,-1.490504508728126565e-01,-1.242182629529693968e-16
0.000000000000000000e+00,3.610889247304762684e-01,5.842541531750630179e-01,5.842541531750630179e-01,3.610889247304763794e-01,7.523264562253802295e-17,-3.610889247304764349e-01,-5.842541531750630179e-01,-5.842541531750631290e-01,-3.610889247304764349e-01,-1.504652912450760459e-16,3.610889247304765459e-01,5.842541531750632400e-01,5.842541531750631290e-01,3.610889247304764349e-01,2.256979368676140195e-16,-3.610889247304761018e-01,-5.842541531750633510e-01,-5.842541531750632400e-01,-3.610889247304764904e-01,-3.009305824901520918e-16
0.000000000000000000e+00,3.309165114192184065e-01,5.354341629148380299e-01,5.354341629148380299e-01,3.309165114192184620e-01,6.894624268199657326e-17,-3.309165114192185175e-01,-5.354341629148380299e-01,-5.354341629148381410e-01,-3.309165114192185175e-01,-1.378924853639931465e-16,3.309165114192186286e-01,5.354341629148381410e-01,5.354341629148381410e-01,3.309165114192185175e-01,2.068387280459896951e-16,-3.309165114192181845e-01,-5.354341629148382520e-01,-5.354341629148381410e-01,-3.309165114192185730e-01,-2.757849707279862931e-16
0.000000000000000000e+00,1.110621944756691737e-01,1.797024055267835152e-01,1.797024055267835152e-01,1.110621944756692014e-01,2.313973690908998897e-17,-1.110621944756692153e-01,-1.797024055267835152e-01,-1.797024055267835430e-01,-1.110621944756692153e-01,-4.627947381817997795e-17,1.110621944756692570e-01,1.797024055267835707e-01,1.797024055267835430e-01,1.110621944756692153e-01,6.941921072726995767e-17,-1.110621944756691182e-01,-1.797024055267836262e-01,-1.797024055267835707e-01,-1.110621944756692431e-01,-9.255894763635995589e-17
0.000000000000000000e+00,2.179895312623291725e-01,3.527144707741063367e-01,3.527144707741063367e-01,2.179895312623292281e-01,4.541797887355090244e-17,-2.179895312623292558e-01,-3.527144707741063367e-01,-3.527144707741063923e-01,-2.179895312623292558e-01,-9.083595774710180489e-17,2.179895312623293391e-01,3.527144707741064478e-01,3.527144707741063923e-01,2.179895312623292558e-01,1.362539366206526827e-16,-2.179895312623290615e-01,-3.527144707741065033e-01,-3.527144707741064478e-01,-2.179895312623293113e-01,-1.816719154942036098e-16
0.000000000000000000e+00,5.207903913419241748e-01,8.426565542055921565e-01,8.426565542055921565e-01,5.207903913419241748e-01,1.085063436512069722e-16,-5.207903913419242858e-01,-8.426565542055921565e-01,-8.426565542055922675e-01,-5.207903913419242858e-01,-2.170126873024139444e-16,5.207903913419245079e-01,8.426565542055923785e-01,8.426565542055922675e-01,5.207903913419242858e-01,3.255190309536209042e-16,-5.207903913419238418e-01,-8.426565542055926006e-01,-8.426565542055923785e-01,-5.207903913419243969e-01,-4.340253746048278887e-16
0.000000000000000000e+00,3.886244008286491858e-01,6.288074893983172098e-01,6.288074893983172098e-01,3.886244008286492413e-01,8.096964438783651940e-17,-3.886244008286493523e-01,-6.288074893983172098e-01,-6.288074893983172098e-01,-3.886244008286493523e-01,-1.619392887756730388e-16,3.886244008286494633e-01,6.288074893983173208e-01,6.288074893983172098e-01,3.886244008286493523e-01,2.429089331635095582e-16,-3.886244008286489637e-01,-6.288074893983174318e-01,-6.288074893983173208e-01,-3.886244008286494078e-01,-3.238785775513460776e-16
0.000000000000000000e+00,5.646930092985639194e-01,9.136924822545368086e-01,9.136924822545368086e-01,5.646930092985640304e-01,1.176534259138349846e-16,-5.646930092985641414e-01,-9.136924822545368086e-01,-9.136924822545369196e-01,-5.646930092985641414e-01,-2.353068518276699692e-16,5.646930092985643634e-01,9.136924822545370306e-01,9.136924822545369196e-01,5.646930092985641414e-01,3.529602777415049045e-16,-5.646930092985636973e-01,-9.136924822545372527e-01,-9.136924822545370306e-01,-5.646930092985642524e-01,-4.706137036553399384e-16
0.000000000000000000e+00,5.273471061678748351e-01,8.532655416485207533e-01,8.532655416485207533e-01,5.273471061678749461e-01,1.098724309753113774e-16,-5.273471061678750571e-01,-8.532655416485207533e-01,-8.532655416485208644e-01,-5.273471061678750571e-01,-2.197448619506227547e-16,5.273471061678752791e-01,8.532655416485209754e-01,8.532655416485208644e-01,5.273471061678750571e-01,3.296172929259341198e-16,-5.273471061678746130e-01,-8.532655416485211974e-01,-8.532655416485209754e-01,-5.273471061678751681e-01,-4.394897239012455095e-16
0.000000000000000000e+00,5.754882513494916640e-01,9.311595508097200158e-01,9.311595508097200158e-01,5.754882513494917751e-01,1.199026076638240603e-16,-5.754882513494918861e-01,-9.311595508097200158e-01,-9.311595508097201268e-01,-5.754882513494918861e-01,-2.398052153276481206e-16,5.754882513494921081e-01,9.311595508097202378e-01,9.311595508097201268e-01,5.754882513494918861e-01,3.597078229914721563e-16,-5.754882513494913310e-01,-9.311595508097204599e-01,-9.311595508097202378e-01,-5.754882513494919971e-01,-4.796104306552962413e-16
0.000000000000000000e+00,5.110035722205072961e-01,8.268211482253923217e-01,8.268211482253923217e-01,5.110035722205074071e-01,1.064672661711014545e-16,-5.110035722205075182e-01,-8.268211482253923217e-01,-8.268211482253924327e-01,-5.110035722205075182e-01,-2.129345323422029090e-16,5.110035722205076292e-01,8.268211482253925437e-01,8.268211482253924327e-01,5.110035722205075182e-01,3.194017985133043511e-16,-5.110035722205069630e-01,-8.268211482253926548e-01,-8.268211482253925437e-01,-5.110035722205075182e-01,-4.258690646844058179e-16
0.000000000000000000e+00,2.259569320739397702e-01,3.656059960892857896e-01,3.656059960892857896e-01,2.259569320739398257e-01,4.707798171700568563e-17,-2.259569320739398535e-01,-3.656059960892857896e-01,-3.656059960892858451e-01,-2.259569320739398535e-01,-9.415596343401137127e-17,2.259569320739399367e-01,3.656059960892859007e-01,3.656059960892858451e-01,2.259569320739398535e-01,1.412339451510170507e-16,-2.259569320739396592e-01,-3.656059960892859562e-01,-3.656059960892859007e-01,-2.259569320739399090e-01,-1.883119268680227425e-16
0.000000000000000000e+00,2.157719687381489115e-01,3.491263792378047071e-01,3.491263792378047071e-01,2.157719687381489670e-01,4.495595114547255558e-17,-2.157719687381489948e-01,-3.491263792378047071e-01,-3.491263792378047071e-01,-2.157719687381489948e-01,-8.991190229094511116e-17,2.157719687381490781e-01,3.491263792378047626e-01,3.491263792378047071e-01,2.157719687381489948e-01,1.348678534364176606e-16,-2.157719687381488005e-01,-3.491263792378048736e-01,-3.491263792378047626e-01,-2.157719687381490503e-01,-1.798238045818902223e-16
0.000000000000000000e+00,1.615605569746544901e-02,2.614104724263548521e-02,2.614104724263548521e-02,1.615605569746545248e-02,3.366103831217336124e-18,-1.615605569746545594e-02,-2.614104724263548521e-02,-2.614104724263548868e-02,-1.615605569746545594e-02,-6.732207662434672248e-18,1.615605569746546288e-02,2.614104724263549215e-02,2.614104724263548868e-02,1.615605569746545594e-02,1.009831149365200645e-17,-1.615605569746544207e-02,-2.614104724263549562e-02,-2.614104724263549215e-02,-1.615605569746545941e-02,-1.346441532486934450e-17
0.000000000000000000e+00,1.294301174237137697e-01,2.094223291594588532e-01,2.094223291594588532e-01,1.294301174237137975e-01,2.696668186178765542e-17,-1.294301174237138252e-01,-2.094223291594588532e-01,-2.094223291594588809e-01,-1.294301174237138252e-01,-5.393336372357531084e-17,1.294301174237138807e-01,2.094223291594589087e-01,2.094223291594588809e-01,1.294301174237138252e-01,8.090004558536295393e-17,-1.294301174237137142e-01,-2.094223291594589642e-01,-2.094223291594589087e-01,-1.294301174237138530e-01,-1.078667274471506217e-16
0.000000000000000000e+00,5.493651370670582512e-01,8.888914640087449692e-01,8.888914640087449692e-01,5.493651370670583622e-01,1.144598735759970189e-16,-5.493651370670584733e-01,-8.888914640087449692e-01,-8.888914640087450802e-01,-5.493651370670584733e-01,-2.289197471519940377e-16,5.493651370670586953e-01,8.888914640087451913e-01,8.888914640087450802e-01,5.493651370670584733e-01,3.433796207279910566e-16,-5.493651370670580292e-01,-8.888914640087454133e-01,-8.888914640087451913e-01,-5.493651370670585843e-01,-4.578394943039880754e-16
0.000000000000000000e+00,5.112082208710445608e-01,8.271522766977134067e-01,8.271522766977134067e-01,5.112082208710446718e-01,1.065099045860417360e-16,-5.112082208710446718e-01,-8.271522766977134067e-01,-8.271522766977135177e-01,-5.112082208710446718e-01,-2.130198091720834719e-16,5.112082208710448938e-01,8.271522766977136287e-01,8.271522766977135177e-01,5.112082208710446718e-01,3.195297137581252079e-16,-5.112082208710442277e-01,-8.271522766977137398e-01,-8.271522766977136287e-01,-5.112082208710447828e-01,-4.260396183441669439e-16
0.000000000000000000e+00,2.182746107160582483e-01,3.531757390197342583e-01,3.531757390197342583e-01,2.182746107160582760e-01,4.547737499469384371e-17,-2.182746107160583315e-01,-3.531757390197342583e-01,-3.531757390197343138e-01,-2.182746107160583315e-01,-9.095474998938768742e-17,2.182746107160584148e-01,3.531757390197343138e-01,3.531757390197343138e-01,2.182746107160583315e-01,1.364321249840815188e-16,-2.182746107160581095e-01,-3.531757390197344249e-01,-3.531757390197343138e-01,-2.182746107160583593e-01,-1.819094999787753748e-16
0.000000000000000000e+00,4.136343729227343058e-01,6.692744743042332578e-01,6.692744743042332578e-01,4.136343729227343613e-01,8.618045601543852697e-17,-4.136343729227344723e-01,-6.692744743042332578e-01,-6.692744743042333688e-01,-4.136343729227344723e-01,-1.723609120308770539e-16,4.136343729227346389e-01,6.692744743042333688e-01,6.692744743042333688e-01,4.136343729227344723e-01,2.585413680463155686e-16,-4.136343729227340837e-01,-6.692744743042335909e-01,-6.692744743042333688e-01,-4.136343729227345278e-01,-3.447218240617541079e-16
0.000000000000000000e+00,1.924435704249318202e-01,3.113802378639237145e-01,3.113802378639237145e-01,1.924435704249318480e-01,4.009549433542310570e-17,-1.924435704249318757e-01,-3.113802378639237145e-01,-3.113802378639237145e-01,-1.924435704249318757e-01,-8.019098867084621141e-17,1.924435704249319590e-01,3.113802378639237700e-01,3.113802378639237145e-01,1.924435704249318757e-01,1.202864830062693048e-16,-1.924435704249317092e-01,-3.113802378639238255e-01,-3.113802378639237700e-01,-1.924435704249319312e-01,-1.603819773416924228e-16
0.000000000000000000e+00,4.767929018377727313e-01,7.714671207682084475e-01,7.714671207682084475e-01,4.767929018377727868e-01,9.933949496256928488e-17,-4.767929018377728978e-01,-7.714671207682084475e-01,-7.714671207682084475e-01,-4.767929018377728978e-01,-1.986789899251385698e-16,4.767929018377730643e-01,7.714671207682085585e-01,7.714671207682084475e-01,4.767929018377728978e-01,2.980184848877078546e-16,-4.767929018377724537e-01,-7.714671207682087806e-01,-7.714671207682085585e-01,-4.767929018377729533e-01,-3.973579798502771395e-16
0.000000000000000000e+00,4.008489141084803364e-01,6.485871673810084115e-01,6.485871673810084115e-01,4.008489141084803919e-01,8.351661388067271855e-17,-4.008489141084805030e-01,-6.485871673810084115e-01,-6.485871673810085225e-01,-4.008489141084805030e-01,-1.670332277613454371e-16,4.008489141084806140e-01,6.485871673810085225e-01,6.485871673810085225e-01,4.008489141084805030e-01,2.505498416420181433e-16,-4.008489141084801144e-01,-6.485871673810087445e-01,-6.485871673810085225e-01,-4.008489141084805585e-01,-3.340664555226908742e-16
0.000000000000000000e+00,1.794282421788549187e-01,2.903209943870347365e-01,2.903209943870347365e-01,1.794282421788549464e-01,3.738375905212969408e-17,-1.794282421788549742e-01,-2.903209943870347365e-01,-2.903209943870347365e-01,-1.794282421788549742e-01,-7.476751810425938817e-17,1.794282421788550297e-01,2.903209943870347920e-01,2.903209943870347365e-01,1.794282421788549742e-01,1.121512771563890761e-16,-1.794282421788548076e-01,-2.903209943870348475e-01,-2.903209943870347920e-01,-1.794282421788550019e-01,-1.495350362085187763e-16
0.000000000000000000e+00,5.320969271918104537e-01,8.609509135057274998e-01,8.609509135057274998e-01,5.320969271918105648e-01,1.108620531359216964e-16,-5.320969271918106758e-01,-8.609509135057274998e-01,-8.609509135057274998e-01,-5.320969271918106758e-01,-2.217241062718433928e-16,5.320969271918108978e-01,8.609509135057276108e-01,8.609509135057274998e-01,5.320969271918106758e-01,3.325861594077650398e-16,-5.320969271918102317e-01,-8.609509135057278328e-01,-8.609509135057276108e-01,-5.320969271918107868e-01,-4.434482125436867855e-16
0.000000000000000000e+00,5.276345805132165445e-01,8.537306849101772288e-01,8.537306849101772288e-01,5.276345805132166555e-01,1.099323260705841073e-16,-5.276345805132167666e-01,-8.537306849101772288e-01,-8.537306849101773398e-01,-5.276345805132167666e-01,-2.198646521411682147e-16,5.276345805132168776e-01,8.537306849101774509e-01,8.537306849101773398e-01,5.276345805132167666e-01,3.297969782117523220e-16,-5.276345805132162115e-01,-8.537306849101776729e-01,-8.537306849101774509e-01,-5.276345805132168776e-01,-4.397293042823364293e-16
0.000000000000000000e+00,1.081414131099022596e-01,1.749764820032653212e-01,1.749764820032653212e-01,1.081414131099022874e-01,2.253119398688412953e-17,-1.081414131099023013e-01,-1.749764820032653212e-01,-1.749764820032653490e-01,-1.081414131099023013e-01,-4.506238797376825905e-17,1.081414131099023429e-01,1.749764820032653490e-01,1.749764820032653490e-01,1.081414131099023013e-01,6.759358196065238550e-17,-1.081414131099022041e-01,-1.749764820032654045e-01,-1.749764820032653490e-01,-1.081414131099023151e-01,-9.012477594753651811e-17
0.000000000000000000e+00,4.732910703097804178e-02,7.658010383330408899e-02,7.658010383330408899e-02,4.732910703097804872e-02,9.860989061213975491e-18,-4.732910703097806260e-02,-7.658010383330408899e-02,-7.658010383330410287e-02,-4.732910703097806260e-02,-1.972197812242795098e-17,4.732910703097807648e-02,7.658010383330410287e-02,7.658010383330410287e-02,4.732910703097806260e-02,2.958296718364192801e-17,-4.732910703097801403e-02,-7.658010383330413062e-02,-7.658010383330410287e-02,-4.732910703097806954e-02,-3.944395624485590196e-17
0.000000000000000000e+00,5.833269056980385781e-01,9.438427599717310601e-01,9.438427599717310601e-01,5.833269056980386891e-01,1.215357862643640164e-16,-5.833269056980388001e-01,-9.438427599717310601e-01,-9.438427599717311711e-01,-5.833269056980388001e-01,-2.430715725287280328e-16,5.833269056980390221e-01,9.438427599717312821e-01,9.438427599717311711e-01,5.833269056980388001e-01,3.646073587930920245e-16,-5.833269056980382450e-01,-9.438427599717315042e-01,-9.438427599717312821e-01,-5.833269056980389111e-01,-4.861431450574560655e-16
0.000000000000000000e+00,4.992126795140763851e-01,8.077430830686838092e-01,8.077430830686838092e-01,4.992126795140764406e-01,1.040106412463176056e-16,-4.992126795140765516e-01,-8.077430830686838092e-01,-8.077430830686839203e-01,-4.992126795140765516e-01,-2.080212824926352111e-16,4.992126795140767181e-01,8.077430830686840313e-01,8.077430830686839203e-01,4.992126795140765516e-01,3.120319237389528043e-16,-4.992126795140761075e-01,-8.077430830686842533e-01,-8.077430830686840313e-01,-4.992126795140766626e-01,-4.160425649852704222e-16
0.000000000000000000e+00,2.306773340434367936e-01,3.732437669164939131e-01,3.732437669164939131e-01,2.306773340434368491e-01,4.806147443651286927e-17,-2.306773340434368769e-01,-3.732437669164939131e-01,-3.732437669164939686e-01,-2.306773340434368769e-01,-9.612294887302573855e-17,2.306773340434369601e-01,3.732437669164940242e-01,3.732437669164939686e-01,2.306773340434368769e-01,1.441844233095386017e-16,-2.306773340434366826e-01,-3.732437669164941352e-01,-3.732437669164940242e-01,-2.306773340434369324e-01,-1.922458977460514771e-16
0.000000000000000000e+00,2.465274038712828297e-01,3.988897186220080049e-01,3.988897186220080049e-01,2.465274038712828852e-01,5.136382630825993474e-17,-2.465274038712829408e-01,-3.988897186220080049e-01,-3.988897186220080604e-01,-2.465274038712829408e-01,-1.027276526165198695e-16,2.465274038712830240e-01,3.988897186220081159e-01,3.988897186220080604e-01,2.465274038712829408e-01,1.540914789247797857e-16,-2.465274038712826910e-01,-3.988897186220081714e-01,-3.988897186220081159e-01,-2.465274038712829685e-01,-2.054553052330397389e-16
0.000000000000000000e+00,2.211685112332413550e-01,3.578581684165973997e-01,3.578581684165973997e-01,2.211685112332413827e-01,4.608031730935669957e-17,-2.211685112332414382e-01,-3.578581684165973997e-01,-3.578581684165974552e-01,-2.211685112332414382e-01,-9.216063461871339914e-17,2.211685112332415215e-01,3.578581684165975108e-01,3.578581684165974552e-01,2.211685112332414382e-01,1.382409519280700802e-16,-2.211685112332412162e-01,-3.578581684165975663e-01,-3.578581684165975108e-01,-2.211685112332414660e-01,-1.843212692374267983e-16
0.000000000000000000e+00,3.140055678431710739e-01,5.080716814269617965e-01,5.080716814269617965e-01,3.140055678431711295e-01,6.542285844596901508e-17,-3.140055678431711850e-01,-5.080716814269617965e-01,-5.080716814269617965e-01,-3.140055678431711850e-01,-1.308457168919380302e-16,3.140055678431712960e-01,5.080716814269619075e-01,5.080716814269617965e-01,3.140055678431711850e-01,1.962685753379070083e-16,-3.140055678431709074e-01,-5.080716814269620185e-01,-5.080716814269619075e-01,-3.140055678431712405e-01,-2.616914337838760603e-16
0.000000000000000000e+00,1.720945461944554250e-02,2.784548250211177356e-02,2.784548250211177356e-02,1.720945461944554597e-02,3.585578820254027429e-18,-1.720945461944554944e-02,-2.784548250211177356e-02,-2.784548250211177703e-02,-1.720945461944554944e-02,-7.171157640508054858e-18,1.720945461944555638e-02,2.784548250211178050e-02,2.784548250211177703e-02,1.720945461944554944e-02,1.075673646076208075e-17,-1.720945461944553209e-02,-2.784548250211178744e-02,-2.784548250211178050e-02,-1.720945461944555291e-02,-1.434231528101610972e-17
0.000000000000000000e+00,5.603963931716796631e-01,9.067404113246271269e-01,9.067404113246271269e-01,5.603963931716797742e-01,1.167582287025351726e-16,-5.603963931716798852e-01,-9.067404113246271269e-01,-9.067404113246272379e-01,-5.603963931716798852e-01,-2.335164574050703452e-16,5.603963931716801072e-01,9.067404113246273489e-01,9.067404113246272379e-01,5.603963931716798852e-01,3.502746861076055425e-16,-5.603963931716793301e-01,-9.067404113246275710e-01,-9.067404113246273489e-01,-5.603963931716799962e-01,-4.670329148101406905e-16
0.000000000000000000e+00,5.624103005486468243e-01,9.099989819107542344e-01,9.099989819107542344e-01,5.624103005486469353e-01,1.171778250114529145e-16,-5.624103005486470463e-01,-9.099989819107542344e-01,-9.099989819107543454e-01,-5.624103005486470463e-01,-2.343556500229058289e-16,5.624103005486472684e-01,9.099989819107543454e-01,9.099989819107543454e-01,5.624103005486470463e-01,3.515334750343587680e-16,-5.624103005486464912e-01,-9.099989819107545674e-01,-9.099989819107543454e-01,-5.624103005486471574e-01,-4.687113000458116578e-16
0.000000000000000000e+00,3.668991697576053923e-01,5.936553271119230368e-01,5.936553271119230368e-01,3.668991697576055033e-01,7.644320644334522777e-17,-3.668991697576055588e-01,-5.936553271119230368e-01,-5.936553271119231479e-01,-3.668991697576055588e-01,-1.528864128866904555e-16,3.668991697576056699e-01,5.936553271119231479e-01,5.936553271119231479e-01,3.668991697576055588e-01,2.293296193300356587e-16,-3.668991697576052258e-01,-5.936553271119232589e-01,-5.936553271119231479e-01,-3.668991697576056144e-01,-3.057728257733809111e-16
0.000000000000000000e+00,5.053879860245652500e-01,8.177349388936034913e-01,8.177349388936034913e-01,5.053879860245653610e-01,1.052972623927871150e-16,-5.053879860245654720e-01,-8.177349388936034913e-01,-8.177349388936036023e-01,-5.053879860245654720e-01,-2.105945247855742299e-16,5.053879860245656941e-01,8.177349388936036023e-01,8.177349388936036023e-01,5.053879860245654720e-01,3.158917871783613079e-16,-5.053879860245650280e-01,-8.177349388936038244e-01,-8.177349388936036023e-01,-5.053879860245655831e-01,-4.211890495711484598e-16
0.000000000000000000e+00,4.348706636168905293e-01,7.036355144423511732e-01,7.036355144423511732e-01,4.348706636168906403e-01,9.060502354634019004e-17,-4.348706636168906958e-01,-7.036355144423511732e-01,-7.036355144423512842e-01,-4.348706636168906958e-01,-1.812100470926803801e-16,4.348706636168908624e-01,7.036355144423512842e-01,7.036355144423512842e-01,4.348706636168906958e-01,2.718150706390205208e-16,-4.348706636168903072e-01,-7.036355144423515062e-01,-7.036355144423512842e-01,-4.348706636168908068e-01,-3.624200941853607601e-16
0.000000000000000000e+00,4.922160681920986214e-01,7.964223281436515478e-01,7.964223281436515478e-01,4.922160681920986769e-01,1.025529017697111591e-16,-4.922160681920987879e-01,-7.964223281436515478e-01,-7.964223281436515478e-01,-4.922160681920987879e-01,-2.051058035394223181e-16,4.922160681920989544e-01,7.964223281436516588e-01,7.964223281436515478e-01,4.922160681920987879e-01,3.076587053091334772e-16,-4.922160681920983438e-01,-7.964223281436518809e-01,-7.964223281436516588e-01,-4.922160681920988989e-01,-4.102116070788446362e-16
0.000000000000000000e+00,1.678583224813767066e-02,2.716004710694080657e-02,2.716004710694080657e-02,1.678583224813767413e-02,3.497317371188058147e-18,-1.678583224813767760e-02,-2.716004710694080657e-02,-2.716004710694081004e-02,-1.678583224813767760e-02,-6.994634742376116294e-18,1.678583224813768107e-02,2.716004710694081350e-02,2.716004710694081004e-02,1.678583224813767760e-02,1.049195211356417367e-17,-1.678583224813766026e-02,-2.716004710694082044e-02,-2.716004710694081350e-02,-1.678583224813767760e-02,-1.398926948475223259e-17
0.000000000000000000e+00,5.116354666637326076e-01,8.278435749118330245e-01,8.278435749118330245e-01,5.116354666637327187e-01,1.065989209726257758e-16,-5.116354666637328297e-01,-8.278435749118330245e-01,-8.278435749118331355e-01,-5.116354666637328297e-01,-2.131978419452515517e-16,5.116354666637329407e-01,8.278435749118332465e-01,8.278435749118331355e-01,5.116354666637328297e-01,3.197967629178773029e-16,-5.116354666637322746e-01,-8.278435749118334686e-01,-8.278435749118332465e-01,-5.116354666637329407e-01,-4.263956838905031034e-16
0.000000000000000000e+00,3.607992582492135503e-01,5.837854629629783965e-01,5.837854629629783965e-01,3.607992582492136058e-01,7.517229379715363346e-17,-3.607992582492137168e-01,-5.837854629629783965e-01,-5.837854629629783965e-01,-3.607992582492137168e-01,-1.503445875943072669e-16,3.607992582492138278e-01,5.837854629629785075e-01,5.837854629629783965e-01,3.607992582492137168e-01,2.255168813914608881e-16,-3.607992582492133282e-01,-5.837854629629786185e-01,-5.837854629629785075e-01,-3.607992582492137723e-01,-3.006891751886145339e-16
0.000000000000000000e+00,3.871298653421683111e-01,6.263892801837982471e-01,6.263892801837982471e-01,3.871298653421684222e-01,8.065825887882749994e-17,-3.871298653421684777e-01,-6.263892801837982471e-01,-6.263892801837983582e-01,-3.871298653421684777e-01,-1.613165177576549999e-16,3.871298653421686442e-01,6.263892801837984692e-01,6.263892801837983582e-01,3.871298653421684777e-01,2.419747766364824752e-16,-3.871298653421680891e-01,-6.263892801837985802e-01,-6.263892801837984692e-01,-3.871298653421685332e-01,-3.226330355153099998e-16
0.000000000000000000e+00,2.808136163609284974e-01,4.543659757757558260e-01,4.543659757757558260e-01,2.808136163609285529e-01,5.850733666626355821e-17,-2.808136163609286085e-01,-4.543659757757558260e-01,-4.543659757757558815e-01,-2.808136163609286085e-01,-1.170146733325271164e-16,2.808136163609287195e-01,4.543659757757559370e-01,4.543659757757558815e-01,2.808136163609286085e-01,1.755220099987906500e-16,-2.808136163609283309e-01,-4.543659757757560480e-01,-4.543659757757559370e-01,-2.808136163609286640e-01,-2.340293466650542328e-16
0.000000000000000000e+00,1.141150410891650230e-01,1.846420151098598084e-01,1.846420151098598084e-01,1.141150410891650369e-01,2.377579554086477997e-17,-1.141150410891650646e-01,-1.846420151098598084e-01,-1.846420151098598361e-01,-1.141150410891650646e-01,-4.755159108172955995e-17,1.141150410891651062e-01,1.846420151098598361e-01,1.846420151098598361e-01,1.141150410891650646e-01,7.132738662259433375e-17,-1.141150410891649536e-01,-1.846420151098598916e-01,-1.846420151098598361e-01,-1.141150410891650785e-01,-9.510318216345911989e-17
0.000000000000000000e+00,1.390873893603037856e-02,2.250481233914619975e-02,2.250481233914619975e-02,1.390873893603038203e-02,2.897876826911311281e-18,-1.390873893603038376e-02,-2.250481233914619975e-02,-2.250481233914620322e-02,-1.390873893603038376e-02,-5.795753653822622562e-18,1.390873893603038897e-02,2.250481233914620668e-02,2.250481233914620322e-02,1.390873893603038376e-02,8.693630480733933073e-18,-1.390873893603037162e-02,-2.250481233914621015e-02,-2.250481233914620668e-02,-1.390873893603038723e-02,-1.159150730764524512e-17
0.000000000000000000e+00,5.631430117060469698e-01,9.111845334673639440e-01,9.111845334673639440e-01,5.631430117060470808e-01,1.173304849106439867e-16,-5.631430117060471918e-01,-9.111845334673639440e-01,-9.111845334673640551e-01,-5.631430117060471918e-01,-2.346609698212879734e-16,5.631430117060474139e-01,9.111845334673641661e-01,9.111845334673640551e-01,5.631430117060471918e-01,3.519914547319319602e-16,-5.631430117060466367e-01,-9.111845334673643881e-01,-9.111845334673641661e-01,-5.631430117060473028e-01,-4.693219396425759469e-16
0.000000000000000000e+00,2.245181197384214095e-02,3.632779488269844564e-02,3.632779488269844564e-02,2.245181197384214442e-02,4.677820609072141826e-18,-2.245181197384214788e-02,-3.632779488269844564e-02,-3.632779488269845258e-02,-2.245181197384214788e-02,-9.355641218144283651e-18,2.245181197384215829e-02,3.632779488269845258e-02,3.632779488269845258e-02,2.245181197384214788e-02,1.403346182721642625e-17,-2.245181197384212707e-02,-3.632779488269845952e-02,-3.632779488269845258e-02,-2.245181197384215135e-02,-1.871128243628856730e-17
0.000000000000000000e+00,3.103580287035741514e-01,5.021698391237984227e-01,5.021698391237984227e-01,3.103580287035742069e-01,6.466289600821642095e-17,-3.103580287035742624e-01,-5.021698391237984227e-01,-5.021698391237984227e-01,-3.103580287035742624e-01,-1.293257920164328419e-16,3.103580287035743734e-01,5.021698391237985337e-01,5.021698391237984227e-01,3.103580287035742624e-01,1.939886880246492382e-16,-3.103580287035739294e-01,-5.021698391237986447e-01,-5.021698391237985337e-01,-3.103580287035743179e-01,-2.586515840328656838e-16
0.000000000000000000e+00,2.002760209379874090e-01,3.240534090092492270e-01,3.240534090092492270e-01,2.002760209379874368e-01,4.172738037082175553e-17,-2.002760209379874923e-01,-3.240534090092492270e-01,-3.240534090092492270e-01,-2.002760209379874923e-01,-8.345476074164351106e-17,2.002760209379875478e-01,3.240534090092492825e-01,3.240534090092492270e-01,2.002760209379874923e-01,1.251821411124652604e-16,-2.002760209379872980e-01,-3.240534090092493380e-01,-3.240534090092492825e-01,-2.002760209379875200e-01,-1.669095214832870221e-16
0.000000000000000000e+00,2.064069461232587166e-01,3.339734543415009416e-01,3.339734543415009416e-01,2.064069461232587444e-01,4.300475469667816536e-17,-2.064069461232587999e-01,-3.339734543415009416e-01,-3.339734543415009416e-01,-2.064069461232587999e-01,-8.600950939335633072e-17,2.064069461232588554e-01,3.339734543415009971e-01,3.339734543415009416e-01,2.064069461232587999e-01,1.290142640900344961e-16,-2.064069461232586056e-01,-3.339734543415010526e-01,-3.339734543415009971e-01,-2.064069461232588276e-01,-1.720190187867126614e-16
0.000000000000000000e+00,3.569849768464838369e-01,5.776138260107051003e-01,5.776138260107051003e-01,3.569849768464838924e-01,7.437759071593786627e-17,-3.569849768464840034e-01,-5.776138260107051003e-01,-5.776138260107051003e-01,-3.569849768464840034e-01,-1.487551814318757325e-16,3.569849768464841144e-01,5.776138260107052114e-01,5.776138260107051003e-01,3.569849768464840034e-01,2.231327721478135741e-16,-3.569849768464836148e-01,-5.776138260107053224e-01,-5.776138260107052114e-01,-3.569849768464840589e-01,-2.975103628637514651e-16
0.000000000000000000e+00,2.114427211756332026e-01,3.421215095359416147e-01,3.421215095359416147e-01,2.114427211756332303e-01,4.405395519551066924e-17,-2.114427211756332581e-01,-3.421215095359416147e-01,-3.421215095359416702e-01,-2.114427211756332581e-01,-8.810791039102133849e-17,2.114427211756333413e-01,3.421215095359416702e-01,3.421215095359416702e-01,2.114427211756332581e-01,1.321618655865320077e-16,-2.114427211756330638e-01,-3.421215095359417813e-01,-3.421215095359416702e-01,-2.114427211756333136e-01,-1.762158207820426770e-16
0.000000000000000000e+00,1.239324065887132953e-01,2.005268461681095071e-01,2.005268461681095071e-01,1.239324065887133230e-01,2.582123733924101473e-17,-1.239324065887133369e-01,-2.005268461681095071e-01,-2.005268461681095349e-01,-1.239324065887133369e-01,-5.164247467848202945e-17,1.239324065887133924e-01,2.005268461681095626e-01,2.005268461681095349e-01,1.239324065887133369e-01,7.746371201772304726e-17,-1.239324065887132259e-01,-2.005268461681095904e-01,-2.005268461681095626e-01,-1.239324065887133647e-01,-1.032849493569640589e-16
0.000000000000000000e+00,5.648021866186812012e-01,9.138691348692872252e-01,9.138691348692872252e-01,5.648021866186813122e-01,1.176761729383817345e-16,-5.648021866186814233e-01,-9.138691348692872252e-01,-9.138691348692873362e-01,-5.648021866186814233e-01,-2.353523458767634689e-16,5.648021866186816453e-01,9.138691348692874472e-01,9.138691348692873362e-01,5.648021866186814233e-01,3.530285188151451295e-16,-5.648021866186808682e-01,-9.138691348692876693e-01,-9.138691348692874472e-01,-5.648021866186815343e-01,-4.707046917535269379e-16
0.000000000000000000e+00,5.313747180691131833e-01,8.597823545982180571e-01,8.597823545982180571e-01,5.313747180691132943e-01,1.107115813289179183e-16,-5.313747180691134053e-01,-8.597823545982180571e-01,-8.597823545982181681e-01,-5.313747180691134053e-01,-2.214231626578358365e-16,5.313747180691136274e-01,8.597823545982182791e-01,8.597823545982181681e-01,5.313747180691134053e-01,3.321347439867536931e-16,-5.313747180691129612e-01,-8.597823545982183902e-01,-8.597823545982182791e-01,-5.313747180691135163e-01,-4.428463253156716730e-16
0.000000000000000000e+00,3.287628905077463748e-01,5.319495310811938049e-01,5.319495310811938049e-01,3.287628905077464303e-01,6.849753714787087327e-17,-3.287628905077464858e-01,-5.319495310811938049e-01,-5.319495310811938049e-01,-3.287628905077464858e-01,-1.369950742957417465e-16,3.287628905077466523e-01,5.319495310811939159e-01,5.319495310811938049e-01,3.287628905077464858e-01,2.054926114436126321e-16,-3.287628905077462083e-01,-5.319495310811940270e-01,-5.319495310811939159e-01,-3.287628905077465413e-01,-2.739901485914834931e-16
0.000000000000000000e+00,2.233193043997289129e-01,3.613382248627453053e-01,3.613382248627453053e-01,2.233193043997289406e-01,4.652843368463049848e-17,-2.233193043997289962e-01,-3.613382248627453053e-01,-3.613382248627453053e-01,-2.233193043997289962e-01,-9.305686736926099696e-17,2.233193043997290794e-01,3.613382248627453608e-01,3.613382248627453053e-01,2.233193043997289962e-01,1.395853010538914954e-16,-2.233193043997287741e-01,-3.613382248627454718e-01,-3.613382248627453608e-01,-2.233193043997290239e-01,-1.861137347385219939e-16
0.000000000000000000e+00,3.303786345839095362e-01,5.345638599135471569e-01,5.345638599135471569e-01,3.303786345839096472e-01,6.883417638871558308e-17,-3.303786345839097027e-01,-5.345638599135471569e-01,-5.345638599135471569e-01,-3.303786345839097027e-01,-1.376683527774311662e-16,3.303786345839098137e-01,5.345638599135472679e-01,5.345638599135471569e-01,3.303786345839097027e-01,2.065025291661467492e-16,-3.303786345839093697e-01,-5.345638599135473790e-01,-5.345638599135472679e-01,-3.303786345839097582e-01,-2.753367055548623323e-16
0.000000000000000000e+00,5.129007934314596673e-01,8.298909166288904737e-01,8.298909166288904737e-01,5.129007934314597783e-01,1.068625509922509248e-16,-5.129007934314597783e-01,-8.298909166288904737e-01,-8.298909166288905848e-01,-5.129007934314597783e-01,-2.137251019845018496e-16,5.129007934314600003e-01,8.298909166288906958e-01,8.298909166288905848e-01,5.129007934314597783e-01,3.205876529767527498e-16,-5.129007934314593342e-01,-8.298909166288908068e-01,-8.298909166288906958e-01,-5.129007934314598893e-01,-4.274502039690036993e-16
0.000000000000000000e+00,5.566409895053859858e-01,9.006640405510879521e-01,9.006640405510879521e-01,5.566409895053860968e-01,1.159757927599020891e-16,-5.566409895053862078e-01,-9.006640405510879521e-01,-9.006640405510880631e-01,-5.566409895053862078e-01,-2.319515855198041783e-16,5.566409895053864298e-01,9.006640405510881742e-01,9.006640405510880631e-01,5.566409895053862078e-01,3.479273782797062674e-16,-5.566409895053856527e-01,-9.006640405510883962e-01,-9.006640405510881742e-01,-5.566409895053863188e-01,-4.639031710396083565e-16
0.000000000000000000e+00,5.107335043133863772e-01,8.263841691724000960e-01,8.263841691724000960e-01,5.107335043133864882e-01,1.064109976960558279e-16,-5.107335043133865993e-01,-8.263841691724000960e-01,-8.263841691724002070e-01,-5.107335043133865993e-01,-2.128219953921116559e-16,5.107335043133867103e-01,8.263841691724003180e-01,8.263841691724002070e-01,5.107335043133865993e-01,3.192329930881674592e-16,-5.107335043133860442e-01,-8.263841691724005400e-01,-8.263841691724003180e-01,-5.107335043133865993e-01,-4.256439907842233118e-16
0.000000000000000000e+00,7.511124901892560213e-02,1.215325538500788144e-01,1.215325538500788144e-01,7.511124901892561601e-02,1.564938050626979289e-17,-7.511124901892562988e-02,-1.215325538500788144e-01,-1.215325538500788283e-01,-7.511124901892562988e-02,-3.129876101253958578e-17,7.511124901892565764e-02,1.215325538500788422e-01,1.215325538500788283e-01,7.511124901892562988e-02,4.694814151880937560e-17,-7.511124901892556049e-02,-1.215325538500788699e-01,-1.215325538500788422e-01,-7.511124901892564376e-02,-6.259752202507917157e-17
0.000000000000000000e+00,1.354089113460397176e-01,2.190962209375135195e-01,2.190962209375135195e-01,1.354089113460397453e-01,2.821235973668860875e-17,-1.354089113460397453e-01,-2.190962209375135195e-01,-2.190962209375135195e-01,-1.354089113460397453e-01,-5.642471947337721750e-17,1.354089113460398008e-01,2.190962209375135472e-01,2.190962209375135195e-01,1.354089113460397453e-01,8.463707921006581393e-17,-1.354089113460396343e-01,-2.190962209375136027e-01,-2.190962209375135472e-01,-1.354089113460397731e-01,-1.128494389467544350e-16
0.000000000000000000e+00,5.256926194617068671e-01,8.505885259240061336e-01,8.505885259240061336e-01,5.256926194617069781e-01,1.095277197323807185e-16,-5.256926194617070891e-01,-8.505885259240061336e-01,-8.505885259240062446e-01,-5.256926194617070891e-01,-2.190554394647614369e-16,5.256926194617073111e-01,8.505885259240063556e-01,8.505885259240062446e-01,5.256926194617070891e-01,3.285831591971421678e-16,-5.256926194617065340e-01,-8.505885259240064666e-01,-8.505885259240063556e-01,-5.256926194617072001e-01,-4.381108789295228739e-16
0.000000000000000000e+00,4.035156923708883570e-01,6.529021052500438849e-01,6.529021052500438849e-01,4.035156923708884125e-01,8.407223541938199515e-17,-4.035156923708884680e-01,-6.529021052500438849e-01,-6.529021052500439959e-01,-4.035156923708884680e-01,-1.681444708387639903e-16,4.035156923708886345e-01,6.529021052500441069e-01,6.529021052500439959e-01,4.035156923708884680e-01,2.522167062581460101e-16,-4.035156923708881349e-01,-6.529021052500442179e-01,-6.529021052500441069e-01,-4.035156923708885790e-01,-3.362889416775279806e-16
0.000000000000000000e+00,7.137942029995610060e-02,1.154943281425931806e-01,1.154943281425931806e-01,7.137942029995611448e-02,1.487185638877490396e-17,-7.137942029995612836e-02,-1.154943281425931806e-01,-1.154943281425931945e-01,-7.137942029995612836e-02,-2.974371277754980793e-17,7.137942029995615612e-02,1.154943281425932083e-01,1.154943281425931945e-01,7.137942029995612836e-02,4.461556916632470264e-17,-7.137942029995605897e-02,-1.154943281425932361e-01,-1.154943281425932083e-01,-7.137942029995614224e-02,-5.948742555509961585e-17
0.000000000000000000e+00,3.822589687314713047e-01,6.185080039120037787e-01,6.185080039120037787e-01,3.822589687314713602e-01,7.964341069745468076e-17,-3.822589687314714713e-01,-6.185080039120037787e-01,-6.185080039120038897e-01,-3.822589687314714713e-01,-1.592868213949093615e-16,3.822589687314715823e-01,6.185080039120040007e-01,6.185080039120038897e-01,3.822589687314714713e-01,2.389302320923639930e-16,-3.822589687314710827e-01,-6.185080039120041118e-01,-6.185080039120040007e-01,-3.822589687314715268e-01,-3.185736427898187231e-16
0.000000000000000000e+00,2.803091388271598539e-01,4.535497139795574562e-01,4.535497139795574562e-01,2.803091388271599094e-01,5.840222909601372301e-17,-2.803091388271599649e-01,-4.535497139795574562e-01,-4.535497139795575117e-01,-2.803091388271599649e-01,-1.168044581920274460e-16,2.803091388271600759e-01,4.535497139795575672e-01,4.535497139795575117e-01,2.803091388271599649e-01,1.752066872880411567e-16,-2.803091388271596873e-01,-4.535497139795576782e-01,-4.535497139795575672e-01,-2.803091388271600204e-01,-2.336089163840548920e-16
0.000000000000000000e+00,3.353217716843321927e-01,5.425620237530816015e-01,5.425620237530816015e-01,3.353217716843323037e-01,6.986407582973915587e-17,-3.353217716843323593e-01,-5.425620237530816015e-01,-5.425620237530816015e-01,-3.353217716843323593e-01,-1.397281516594783117e-16,3.353217716843324703e-01,5.425620237530817125e-01,5.425620237530816015e-01,3.353217716843323593e-01,2.095922274892174430e-16,-3.353217716843320262e-01,-5.425620237530818235e-01,-5.425620237530817125e-01,-3.353217716843324148e-01,-2.794563033189566235e-16
0.000000000000000000e+00,2.865185135539671801e-01,4.635966933364162323e-01,4.635966933364162323e-01,2.865185135539671801e-01,5.969594833347890632e-17,-2.865185135539672356e-01,-4.635966933364162323e-01,-4.635966933364162879e-01,-2.865185135539672356e-01,-1.193918966669578126e-16,2.865185135539673467e-01,4.635966933364163434e-01,4.635966933364162879e-01,2.865185135539672356e-01,1.790878450004367190e-16,-2.865185135539670136e-01,-4.635966933364164544e-01,-4.635966933364163434e-01,-2.865185135539672912e-01,-2.387837933339156253e-16
0.000000000000000000e+00,2.686436844462200546e-01,4.346746122969854520e-01,4.346746122969854520e-01,2.686436844462201101e-01,5.597173916580552172e-17,-2.686436844462201656e-01,-4.346746122969854520e-01,-4.346746122969855075e-01,-2.686436844462201656e-01,-1.119434783316110434e-16,2.686436844462202211e-01,4.346746122969855630e-01,4.346746122969855075e-01,2.686436844462201656e-01,1.679152174974165528e-16,-2.686436844462198881e-01,-4.346746122969856740e-01,-4.346746122969855630e-01,-2.686436844462201656e-01,-2.238869566632220869e-16
0.000000000000000000e+00,3.065116766792621572e-01,4.959463108157646793e-01,4.959463108157646793e-01,3.065116766792622127e-01,6.386151103358562776e-17,-3.065116766792622682e-01,-4.959463108157646793e-01,-4.959463108157647349e-01,-3.065116766792622682e-01,-1.277230220671712555e-16,3.065116766792623793e-01,4.959463108157647904e-01,4.959463108157647349e-01,3.065116766792622682e-01,1.915845331007568710e-16,-3.065116766792619907e-01,-4.959463108157649014e-01,-4.959463108157647904e-01,-3.065116766792623237e-01,-2.554460441343425110e-16
0.000000000000000000e+00,2.808290618173565067e-01,4.543909670492281005e-01,4.543909670492281005e-01,2.808290618173565623e-01,5.851055471719324157e-17,-2.808290618173566178e-01,-4.543909670492281005e-01,-4.543909670492281561e-01,-2.808290618173566178e-01,-1.170211094343864831e-16,2.808290618173567288e-01,4.543909670492282116e-01,4.543909670492281561e-01,2.808290618173566178e-01,1.755316641515797124e-16,-2.808290618173563402e-01,-4.543909670492283226e-01,-4.543909670492282116e-01,-2.808290618173566733e-01,-2.340422188687729663e-16
0.000000000000000000e+00,6.951162998125499926e-02,1.124721799230767871e-01,1.124721799230767871e-01,6.951162998125501313e-02,1.448270347512922922e-17,-6.951162998125502701e-02,-1.124721799230767871e-01,-1.124721799230768010e-01,-6.951162998125502701e-02,-2.896540695025845845e-17,6.951162998125504089e-02,1.124721799230768149e-01,1.124721799230768010e-01,6.951162998125502701e-02,4.344811042538768767e-17,-6.951162998125495762e-02,-1.124721799230768426e-01,-1.124721799230768149e-01,-6.951162998125502701e-02,-5.793081390051691690e-17
0.000000000000000000e+00,3.112755019702156400e-01,5.036543420529937531e-01,5.036543420529937531e-01,3.112755019702156956e-01,6.485405097423735739e-17,-3.112755019702157511e-01,-5.036543420529937531e-01,-5.036543420529937531e-01,-3.112755019702157511e-01,-1.297081019484747148e-16,3.112755019702158621e-01,5.036543420529938642e-01,5.036543420529937531e-01,3.112755019702157511e-01,1.945621529227120845e-16,-3.112755019702154735e-01,-5.036543420529939752e-01,-5.036543420529938642e-01,-3.112755019702158066e-01,-2.594162038969494296e-16
0.000000000000000000e+00,2.738985686750163295e-01,4.431771935861236189e-01,4.431771935861236189e-01,2.738985686750163850e-01,5.706659092086165974e-17,-2.738985686750164406e-01,-4.431771935861236189e-01,-4.431771935861236744e-01,-2.738985686750164406e-01,-1.141331818417233195e-16,2.738985686750165516e-01,4.431771935861237299e-01,4.431771935861236744e-01,2.738985686750164406e-01,1.711997727625849422e-16,-2.738985686750161630e-01,-4.431771935861238410e-01,-4.431771935861237299e-01,-2.738985686750164961e-01,-2.282663636834466390e-16
0.000000000000000000e+00,4.959994090368187170e-01,8.025439022214343465e-01,8.025439022214343465e-01,4.959994090368188280e-01,1.033411584055317026e-16,-4.959994090368188835e-01,-8.025439022214343465e-01,-8.025439022214344575e-01,-4.959994090368188835e-01,-2.066823168110634052e-16,4.959994090368191055e-01,8.025439022214345686e-01,8.025439022214344575e-01,4.959994090368188835e-01,3.100234752165950955e-16,-4.959994090368184394e-01,-8.025439022214347906e-01,-8.025439022214345686e-01,-4.959994090368189945e-01,-4.133646336221268105e-16
0.000000000000000000e+00,2.855539318718972597e-01,4.620359673899016029e-01,4.620359673899016029e-01,2.855539318718973152e-01,5.949497835935044410e-17,-2.855539318718973707e-01,-4.620359673899016029e-01,-4.620359673899016584e-01,-2.855539318718973707e-01,-1.189899567187008882e-16,2.855539318718974817e-01,4.620359673899017139e-01,4.620359673899016584e-01,2.855539318718973707e-01,1.784849350780513446e-16,-2.855539318718970931e-01,-4.620359673899018249e-01,-4.620359673899017139e-01,-2.855539318718974262e-01,-2.379799134374017764e-16
0.000000000000000000e+00,4.117227830809326861e-01,6.661814569676491882e-01,6.661814569676491882e-01,4.117227830809327971e-01,8.578217749927730527e-17,-4.117227830809328526e-01,-6.661814569676491882e-01,-6.661814569676492992e-01,-4.117227830809328526e-01,-1.715643549985546105e-16,4.117227830809330191e-01,6.661814569676494102e-01,6.661814569676492992e-01,4.117227830809328526e-01,2.573465324978319281e-16,-4.117227830809324640e-01,-6.661814569676495212e-01,-6.661814569676494102e-01,-4.117227830809329081e-01,-3.431287099971092211e-16
0.000000000000000000e+00,5.044409788858474908e-01,8.162026491555691710e-01,8.162026491555691710e-01,5.044409788858474908e-01,1.050999540634819275e-16,-5.044409788858476018e-01,-8.162026491555691710e-01,-8.162026491555692820e-01,-5.044409788858476018e-01,-2.101999081269638550e-16,5.044409788858478239e-01,8.162026491555693930e-01,8.162026491555692820e-01,5.044409788858476018e-01,3.152998621904457949e-16,-5.044409788858471577e-01,-8.162026491555695040e-01,-8.162026491555693930e-01,-5.044409788858477128e-01,-4.203998162539277101e-16
0.000000000000000000e+00,4.846073903351955647e-01,7.841112287617336696e-01,7.841112287617336696e-01,4.846073903351956758e-01,1.009676386235437583e-16,-4.846073903351957313e-01,-7.841112287617336696e-01,-7.841112287617337806e-01,-4.846073903351957313e-01,-2.019352772470875167e-16,4.846073903351958978e-01,7.841112287617338916e-01,7.841112287617337806e-01,4.846073903351957313e-01,3.029029158706312381e-16,-4.846073903351952872e-01,-7.841112287617340026e-01,-7.841112287617338916e-01,-4.846073903351958423e-01,-4.038705544941750334e-16
0.000000000000000000e+00,4.709045781412002363e-01,7.619396128903926924e-01,7.619396128903926924e-01,4.709045781412003473e-01,9.811266650111567008e-17,-4.709045781412004028e-01,-7.619396128903926924e-01,-7.619396128903928034e-01,-4.709045781412004028e-01,-1.962253330022313402e-16,4.709045781412006249e-01,7.619396128903929144e-01,7.619396128903928034e-01,4.709045781412004028e-01,2.943379995033470102e-16,-4.709045781411999587e-01,-7.619396128903931364e-01,-7.619396128903929144e-01,-4.709045781412005138e-01,-3.924506660044626803e-16
0.000000000000000000e+00,4.127677733945105953e-01,6.678722868129326473e-01,6.678722868129326473e-01,4.127677733945106509e-01,8.599990056015234041e-17,-4.127677733945107619e-01,-6.678722868129326473e-01,-6.678722868129327583e-01,-4.127677733945107619e-01,-1.719998011203046808e-16,4.127677733945109284e-01,6.678722868129328694e-01,6.678722868129327583e-01,4.127677733945107619e-01,2.579997016804569966e-16,-4.127677733945103733e-01,-6.678722868129329804e-01,-6.678722868129328694e-01,-4.127677733945108174e-01,-3.439996022406093617e-16
0.000000000000000000e+00,7.873575119192956218e-02,1.273971215582970773e-01,1.273971215582970773e-01,7.873575119192957605e-02,1.640454320682412359e-17,-7.873575119192958993e-02,-1.273971215582970773e-01,-1.273971215582970773e-01,-7.873575119192958993e-02,-3.280908641364824717e-17,7.873575119192961769e-02,1.273971215582971050e-01,1.273971215582970773e-01,7.873575119192958993e-02,4.921362962047237076e-17,-7.873575119192952054e-02,-1.273971215582971328e-01,-1.273971215582971050e-01,-7.873575119192960381e-02,-6.561817282729649435e-17
0.000000000000000000e+00,2.171393737904910547e-03,3.513388870888826000e-03,3.513388870888826000e-03,2.171393737904910980e-03,4.524084911015566282e-19,-2.171393737904911414e-03,-3.513388870888826000e-03,-3.513388870888826433e-03,-2.171393737904911414e-03,-9.048169822031132564e-19,2.171393737904912281e-03,3.513388870888826867e-03,3.513388870888826433e-03,2.171393737904911414e-03,1.357225473304669885e-18,-2.171393737904909246e-03,-3.513388870888827734e-03,-3.513388870888826867e-03,-2.171393737904911848e-03,-1.809633964406226513e-18
0.000000000000000000e+00,5.595422556157325644e-01,9.053583877280370062e-01,9.053583877280370062e-01,5.595422556157326754e-01,1.165802696911713477e-16,-5.595422556157327865e-01,-9.053583877280370062e-01,-9.053583877280371173e-01,-5.595422556157327865e-01,-2.331605393823426953e-16,5.595422556157330085e-01,9.053583877280372283e-01,9.053583877280371173e-01,5.595422556157327865e-01,3.497408090735140183e-16,-5.595422556157322314e-01,-9.053583877280374503e-01,-9.053583877280372283e-01,-5.595422556157328975e-01,-4.663210787646853907e-16
0.000000000000000000e+00,1.642636194280856776e-01,2.657841193497201826e-01,2.657841193497201826e-01,1.642636194280857054e-01,3.422421963878526565e-17,-1.642636194280857331e-01,-2.657841193497201826e-01,-2.657841193497201826e-01,-1.642636194280857331e-01,-6.844843927757053130e-17,1.642636194280857886e-01,2.657841193497202381e-01,2.657841193497201826e-01,1.642636194280857331e-01,1.026726589163557785e-16,-1.642636194280855666e-01,-2.657841193497202936e-01,-2.657841193497202381e-01,-1.642636194280857609e-01,-1.368968785551410626e-16
0.000000000000000000e+00,4.789058666828518995e-01,7.748859697045801243e-01,7.748859697045801243e-01,4.789058666828519550e-01,9.977972983136615640e-17,-4.789058666828520661e-01,-7.748859697045801243e-01,-7.748859697045802353e-01,-4.789058666828520661e-01,-1.995594596627323128e-16,4.789058666828522326e-01,7.748859697045803463e-01,7.748859697045802353e-01,4.789058666828520661e-01,2.993391894940984199e-16,-4.789058666828516220e-01,-7.748859697045805683e-01,-7.748859697045803463e-01,-4.789058666828521771e-01,-3.991189193254646256e-16
0.000000000000000000e+00,6.141978017472029400e-02,9.937929190424439618e-02,9.937929190424439618e-02,6.141978017472030787e-02,1.279677176348721256e-17,-6.141978017472032175e-02,-9.937929190424439618e-02,-9.937929190424439618e-02,-6.141978017472032175e-02,-2.559354352697442512e-17,6.141978017472034257e-02,9.937929190424441006e-02,9.937929190424439618e-02,6.141978017472032175e-02,3.839031529046163460e-17,-6.141978017472025930e-02,-9.937929190424443782e-02,-9.937929190424441006e-02,-6.141978017472032869e-02,-5.118708705394885024e-17
0.000000000000000000e+00,5.423889040459501515e-02,8.776036818671525963e-02,8.776036818671525963e-02,5.423889040459502209e-02,1.130063799052924231e-17,-5.423889040459502903e-02,-8.776036818671525963e-02,-8.776036818671527351e-02,-5.423889040459502903e-02,-2.260127598105848461e-17,5.423889040459504984e-02,8.776036818671528739e-02,8.776036818671527351e-02,5.423889040459502903e-02,3.390191397158772538e-17,-5.423889040459498045e-02,-8.776036818671530126e-02,-8.776036818671528739e-02,-5.423889040459504290e-02,-4.520255196211696922e-17
0.000000000000000000e+00,3.159708889329901904e-01,5.112516377490960995e-01,5.112516377490960995e-01,3.159708889329903014e-01,6.583233183315535502e-17,-3.159708889329903569e-01,-5.112516377490960995e-01,-5.112516377490962105e-01,-3.159708889329903569e-01,-1.316646636663107100e-16,3.159708889329904680e-01,5.112516377490962105e-01,5.112516377490962105e-01,3.159708889329903569e-01,1.974969954994660527e-16,-3.159708889329900239e-01,-5.112516377490963215e-01,-5.112516377490962105e-01,-3.159708889329904125e-01,-2.633293273326214201e-16
